CustomerID,Gender,Age,Annual Income (k$),Spending Score (1-100),OutletID,MarketSize,AgeofOutlets,Campaigns,Week,SalesInThousands,Unnamed: 6,email,phone,valid_email
1.0,Male,19.0,15.0,39.0,,,,,,,,,Not Available,False
2.0,Male,21.0,15.0,81.0,,,,,,,,,Not Available,False
3.0,Female,20.0,16.0,6.0,,,,,,,,,Not Available,False
4.0,Female,23.0,16.0,77.0,,,,,,,,,Not Available,False
5.0,Female,31.0,17.0,40.0,,,,,,,,,Not Available,False
6.0,Female,22.0,17.0,76.0,,,,,,,,,Not Available,False
7.0,Female,35.0,18.0,6.0,,,,,,,,,Not Available,False
8.0,Female,23.0,18.0,94.0,,,,,,,,,Not Available,False
9.0,Male,64.0,19.0,3.0,,,,,,,,,Not Available,False
10.0,Female,30.0,19.0,72.0,,,,,,,,,Not Available,False
11.0,Male,67.0,19.0,14.0,,,,,,,,,Not Available,False
12.0,Female,35.0,19.0,99.0,,,,,,,,,Not Available,False
13.0,Female,58.0,20.0,15.0,,,,,,,,,Not Available,False
14.0,Female,24.0,20.0,77.0,,,,,,,,,Not Available,False
15.0,Male,37.0,20.0,13.0,,,,,,,,,Not Available,False
16.0,Male,22.0,20.0,79.0,,,,,,,,,Not Available,False
17.0,Female,35.0,21.0,35.0,,,,,,,,,Not Available,False
18.0,Male,20.0,21.0,66.0,,,,,,,,,Not Available,False
19.0,Male,52.0,23.0,29.0,,,,,,,,,Not Available,False
20.0,Female,35.0,23.0,98.0,,,,,,,,,Not Available,False
21.0,Male,35.0,24.0,35.0,,,,,,,,,Not Available,False
22.0,Male,25.0,24.0,73.0,,,,,,,,,Not Available,False
23.0,Female,46.0,25.0,5.0,,,,,,,,,Not Available,False
24.0,Male,31.0,25.0,73.0,,,,,,,,,Not Available,False
25.0,Female,54.0,28.0,14.0,,,,,,,,,Not Available,False
26.0,Male,29.0,28.0,82.0,,,,,,,,,Not Available,False
27.0,Female,45.0,28.0,32.0,,,,,,,,,Not Available,False
28.0,Male,35.0,28.0,61.0,,,,,,,,,Not Available,False
29.0,Female,40.0,29.0,31.0,,,,,,,,,Not Available,False
30.0,Female,23.0,29.0,87.0,,,,,,,,,Not Available,False
31.0,Male,60.0,30.0,4.0,,,,,,,,,Not Available,False
32.0,Female,21.0,30.0,73.0,,,,,,,,,Not Available,False
33.0,Male,53.0,33.0,4.0,,,,,,,,,Not Available,False
34.0,Male,18.0,33.0,92.0,,,,,,,,,Not Available,False
35.0,Female,49.0,33.0,14.0,,,,,,,,,Not Available,False
36.0,Female,21.0,33.0,81.0,,,,,,,,,Not Available,False
37.0,Female,42.0,34.0,17.0,,,,,,,,,Not Available,False
38.0,Female,30.0,34.0,73.0,,,,,,,,,Not Available,False
39.0,Female,36.0,37.0,26.0,,,,,,,,,Not Available,False
40.0,Female,20.0,37.0,75.0,,,,,,,,,Not Available,False
41.0,Female,65.0,38.0,35.0,,,,,,,,,Not Available,False
42.0,Male,24.0,38.0,92.0,,,,,,,,,Not Available,False
43.0,Male,48.0,39.0,36.0,,,,,,,,,Not Available,False
44.0,Female,31.0,39.0,61.0,,,,,,,,,Not Available,False
45.0,Female,49.0,39.0,28.0,,,,,,,,,Not Available,False
46.0,Female,24.0,39.0,65.0,,,,,,,,,Not Available,False
47.0,Female,50.0,40.0,55.0,,,,,,,,,Not Available,False
48.0,Female,27.0,40.0,47.0,,,,,,,,,Not Available,False
49.0,Female,29.0,40.0,42.0,,,,,,,,,Not Available,False
50.0,Female,31.0,40.0,42.0,,,,,,,,,Not Available,False
51.0,Female,49.0,42.0,52.0,,,,,,,,,Not Available,False
52.0,Male,33.0,42.0,60.0,,,,,,,,,Not Available,False
53.0,Female,31.0,43.0,54.0,,,,,,,,,Not Available,False
54.0,Male,59.0,43.0,60.0,,,,,,,,,Not Available,False
55.0,Female,50.0,43.0,45.0,,,,,,,,,Not Available,False
56.0,Male,47.0,43.0,41.0,,,,,,,,,Not Available,False
57.0,Female,51.0,44.0,50.0,,,,,,,,,Not Available,False
58.0,Male,69.0,44.0,46.0,,,,,,,,,Not Available,False
59.0,Female,27.0,46.0,51.0,,,,,,,,,Not Available,False
60.0,Male,53.0,46.0,46.0,,,,,,,,,Not Available,False
61.0,Male,70.0,46.0,56.0,,,,,,,,,Not Available,False
62.0,Male,19.0,46.0,55.0,,,,,,,,,Not Available,False
63.0,Female,67.0,47.0,52.0,,,,,,,,,Not Available,False
64.0,Female,54.0,47.0,59.0,,,,,,,,,Not Available,False
65.0,Male,63.0,48.0,51.0,,,,,,,,,Not Available,False
66.0,Male,18.0,48.0,59.0,,,,,,,,,Not Available,False
67.0,Female,43.0,48.0,50.0,,,,,,,,,Not Available,False
68.0,Female,68.0,48.0,48.0,,,,,,,,,Not Available,False
69.0,Male,19.0,48.0,59.0,,,,,,,,,Not Available,False
70.0,Female,32.0,48.0,47.0,,,,,,,,,Not Available,False
71.0,Male,70.0,49.0,55.0,,,,,,,,,Not Available,False
72.0,Female,47.0,49.0,42.0,,,,,,,,,Not Available,False
73.0,Female,60.0,50.0,49.0,,,,,,,,,Not Available,False
74.0,Female,60.0,50.0,56.0,,,,,,,,,Not Available,False
75.0,Male,59.0,54.0,47.0,,,,,,,,,Not Available,False
76.0,Male,26.0,54.0,54.0,,,,,,,,,Not Available,False
77.0,Female,45.0,54.0,53.0,,,,,,,,,Not Available,False
78.0,Male,40.0,54.0,48.0,,,,,,,,,Not Available,False
79.0,Female,23.0,54.0,52.0,,,,,,,,,Not Available,False
80.0,Female,49.0,54.0,42.0,,,,,,,,,Not Available,False
81.0,Male,57.0,54.0,51.0,,,,,,,,,Not Available,False
82.0,Male,38.0,54.0,55.0,,,,,,,,,Not Available,False
83.0,Male,67.0,54.0,41.0,,,,,,,,,Not Available,False
84.0,Female,46.0,54.0,44.0,,,,,,,,,Not Available,False
85.0,Female,21.0,54.0,57.0,,,,,,,,,Not Available,False
86.0,Male,48.0,54.0,46.0,,,,,,,,,Not Available,False
87.0,Female,55.0,57.0,58.0,,,,,,,,,Not Available,False
88.0,Female,22.0,57.0,55.0,,,,,,,,,Not Available,False
89.0,Female,34.0,58.0,60.0,,,,,,,,,Not Available,False
90.0,Female,50.0,58.0,46.0,,,,,,,,,Not Available,False
91.0,Female,68.0,59.0,55.0,,,,,,,,,Not Available,False
92.0,Male,18.0,59.0,41.0,,,,,,,,,Not Available,False
93.0,Male,48.0,60.0,49.0,,,,,,,,,Not Available,False
94.0,Female,40.0,60.0,40.0,,,,,,,,,Not Available,False
95.0,Female,32.0,60.0,42.0,,,,,,,,,Not Available,False
96.0,Male,24.0,60.0,52.0,,,,,,,,,Not Available,False
97.0,Female,47.0,60.0,47.0,,,,,,,,,Not Available,False
98.0,Female,27.0,60.0,50.0,,,,,,,,,Not Available,False
99.0,Male,48.0,61.0,42.0,,,,,,,,,Not Available,False
100.0,Male,20.0,61.0,49.0,,,,,,,,,Not Available,False
101.0,Female,23.0,62.0,41.0,,,,,,,,,Not Available,False
102.0,Female,49.0,62.0,48.0,,,,,,,,,Not Available,False
103.0,Male,67.0,62.0,59.0,,,,,,,,,Not Available,False
104.0,Male,26.0,62.0,55.0,,,,,,,,,Not Available,False
105.0,Male,49.0,62.0,56.0,,,,,,,,,Not Available,False
106.0,Female,21.0,62.0,42.0,,,,,,,,,Not Available,False
107.0,Female,66.0,63.0,50.0,,,,,,,,,Not Available,False
108.0,Male,54.0,63.0,46.0,,,,,,,,,Not Available,False
109.0,Male,68.0,63.0,43.0,,,,,,,,,Not Available,False
110.0,Male,66.0,63.0,48.0,,,,,,,,,Not Available,False
111.0,Male,65.0,63.0,52.0,,,,,,,,,Not Available,False
112.0,Female,19.0,63.0,54.0,,,,,,,,,Not Available,False
113.0,Female,38.0,64.0,42.0,,,,,,,,,Not Available,False
114.0,Male,19.0,64.0,46.0,,,,,,,,,Not Available,False
115.0,Female,18.0,65.0,48.0,,,,,,,,,Not Available,False
116.0,Female,19.0,65.0,50.0,,,,,,,,,Not Available,False
117.0,Female,63.0,65.0,43.0,,,,,,,,,Not Available,False
118.0,Female,49.0,65.0,59.0,,,,,,,,,Not Available,False
119.0,Female,51.0,67.0,43.0,,,,,,,,,Not Available,False
120.0,Female,50.0,67.0,57.0,,,,,,,,,Not Available,False
121.0,Male,27.0,67.0,56.0,,,,,,,,,Not Available,False
122.0,Female,38.0,67.0,40.0,,,,,,,,,Not Available,False
123.0,Female,40.0,69.0,58.0,,,,,,,,,Not Available,False
124.0,Male,39.0,69.0,91.0,,,,,,,,,Not Available,False
125.0,Female,23.0,70.0,29.0,,,,,,,,,Not Available,False
126.0,Female,31.0,70.0,77.0,,,,,,,,,Not Available,False
127.0,Male,43.0,71.0,35.0,,,,,,,,,Not Available,False
128.0,Male,40.0,71.0,95.0,,,,,,,,,Not Available,False
129.0,Male,59.0,71.0,11.0,,,,,,,,,Not Available,False
130.0,Male,38.0,71.0,75.0,,,,,,,,,Not Available,False
131.0,Male,47.0,71.0,9.0,,,,,,,,,Not Available,False
132.0,Male,39.0,71.0,75.0,,,,,,,,,Not Available,False
133.0,Female,25.0,72.0,34.0,,,,,,,,,Not Available,False
134.0,Female,31.0,72.0,71.0,,,,,,,,,Not Available,False
135.0,Male,20.0,73.0,5.0,,,,,,,,,Not Available,False
136.0,Female,29.0,73.0,88.0,,,,,,,,,Not Available,False
137.0,Female,44.0,73.0,7.0,,,,,,,,,Not Available,False
138.0,Male,32.0,73.0,73.0,,,,,,,,,Not Available,False
139.0,Male,19.0,74.0,10.0,,,,,,,,,Not Available,False
140.0,Female,35.0,74.0,72.0,,,,,,,,,Not Available,False
141.0,Female,57.0,75.0,5.0,,,,,,,,,Not Available,False
142.0,Male,32.0,75.0,93.0,,,,,,,,,Not Available,False
143.0,Female,28.0,76.0,40.0,,,,,,,,,Not Available,False
144.0,Female,32.0,76.0,87.0,,,,,,,,,Not Available,False
145.0,Male,25.0,77.0,12.0,,,,,,,,,Not Available,False
146.0,Male,28.0,77.0,97.0,,,,,,,,,Not Available,False
147.0,Male,48.0,77.0,36.0,,,,,,,,,Not Available,False
148.0,Female,32.0,77.0,74.0,,,,,,,,,Not Available,False
149.0,Female,34.0,78.0,22.0,,,,,,,,,Not Available,False
150.0,Male,34.0,78.0,90.0,,,,,,,,,Not Available,False
151.0,Male,43.0,78.0,17.0,,,,,,,,,Not Available,False
152.0,Male,39.0,78.0,88.0,,,,,,,,,Not Available,False
153.0,Female,44.0,78.0,20.0,,,,,,,,,Not Available,False
154.0,Female,38.0,78.0,76.0,,,,,,,,,Not Available,False
155.0,Female,47.0,78.0,16.0,,,,,,,,,Not Available,False
156.0,Female,27.0,78.0,89.0,,,,,,,,,Not Available,False
157.0,Male,37.0,78.0,1.0,,,,,,,,,Not Available,False
158.0,Female,30.0,78.0,78.0,,,,,,,,,Not Available,False
159.0,Male,34.0,78.0,1.0,,,,,,,,,Not Available,False
160.0,Female,30.0,78.0,73.0,,,,,,,,,Not Available,False
161.0,Female,56.0,79.0,35.0,,,,,,,,,Not Available,False
162.0,Female,29.0,79.0,83.0,,,,,,,,,Not Available,False
163.0,Male,19.0,81.0,5.0,,,,,,,,,Not Available,False
164.0,Female,31.0,81.0,93.0,,,,,,,,,Not Available,False
165.0,Male,50.0,85.0,26.0,,,,,,,,,Not Available,False
166.0,Female,36.0,85.0,75.0,,,,,,,,,Not Available,False
167.0,Male,42.0,86.0,20.0,,,,,,,,,Not Available,False
168.0,Female,33.0,86.0,95.0,,,,,,,,,Not Available,False
169.0,Female,36.0,87.0,27.0,,,,,,,,,Not Available,False
170.0,Male,32.0,87.0,63.0,,,,,,,,,Not Available,False
171.0,Male,40.0,87.0,13.0,,,,,,,,,Not Available,False
172.0,Male,28.0,87.0,75.0,,,,,,,,,Not Available,False
173.0,Male,36.0,87.0,10.0,,,,,,,,,Not Available,False
174.0,Male,36.0,87.0,92.0,,,,,,,,,Not Available,False
175.0,Female,52.0,88.0,13.0,,,,,,,,,Not Available,False
176.0,Female,30.0,88.0,86.0,,,,,,,,,Not Available,False
177.0,Male,58.0,88.0,15.0,,,,,,,,,Not Available,False
178.0,Male,27.0,88.0,69.0,,,,,,,,,Not Available,False
179.0,Male,59.0,93.0,14.0,,,,,,,,,Not Available,False
180.0,Male,35.0,93.0,90.0,,,,,,,,,Not Available,False
181.0,Female,37.0,97.0,32.0,,,,,,,,,Not Available,False
182.0,Female,32.0,97.0,86.0,,,,,,,,,Not Available,False
183.0,Male,46.0,98.0,15.0,,,,,,,,,Not Available,False
184.0,Female,29.0,98.0,88.0,,,,,,,,,Not Available,False
185.0,Female,41.0,99.0,39.0,,,,,,,,,Not Available,False
186.0,Male,30.0,99.0,97.0,,,,,,,,,Not Available,False
187.0,Female,54.0,101.0,24.0,,,,,,,,,Not Available,False
188.0,Male,28.0,101.0,68.0,,,,,,,,,Not Available,False
189.0,Female,41.0,103.0,17.0,,,,,,,,,Not Available,False
190.0,Female,36.0,103.0,85.0,,,,,,,,,Not Available,False
191.0,Female,34.0,103.0,23.0,,,,,,,,,Not Available,False
192.0,Female,32.0,103.0,69.0,,,,,,,,,Not Available,False
193.0,Male,33.0,113.0,8.0,,,,,,,,,Not Available,False
194.0,Female,38.0,113.0,91.0,,,,,,,,,Not Available,False
195.0,Female,47.0,120.0,16.0,,,,,,,,,Not Available,False
196.0,Female,35.0,120.0,79.0,,,,,,,,,Not Available,False
197.0,Female,45.0,126.0,28.0,,,,,,,,,Not Available,False
198.0,Male,32.0,126.0,74.0,,,,,,,,,Not Available,False
199.0,Male,32.0,137.0,18.0,,,,,,,,,Not Available,False
200.0,Male,30.0,137.0,83.0,,,,,,,,,Not Available,False
,,,,,1.0,Medium,4.0,3.0,1.0,33.73,,,Not Available,False
,,,,,1.0,Medium,4.0,3.0,2.0,35.67,,,Not Available,False
,,,,,1.0,Medium,4.0,3.0,3.0,29.03,,,Not Available,False
,,,,,1.0,Medium,4.0,3.0,4.0,39.25,,,Not Available,False
,,,,,2.0,Medium,5.0,2.0,1.0,27.81,,,Not Available,False
,,,,,2.0,Medium,5.0,2.0,2.0,34.67,,,Not Available,False
,,,,,2.0,Medium,5.0,2.0,3.0,27.98,,,Not Available,False
,,,,,2.0,Medium,5.0,2.0,4.0,27.72,,,Not Available,False
,,,,,3.0,Medium,12.0,1.0,1.0,44.54,,,Not Available,False
,,,,,3.0,Medium,12.0,1.0,2.0,37.94,,,Not Available,False
,,,,,3.0,Medium,12.0,1.0,3.0,45.49,,,Not Available,False
,,,,,3.0,Medium,12.0,1.0,4.0,34.75,,,Not Available,False
,,,,,4.0,Medium,1.0,2.0,1.0,39.28,,,Not Available,False
,,,,,4.0,Medium,1.0,2.0,2.0,39.8,,,Not Available,False
,,,,,4.0,Medium,1.0,2.0,3.0,24.77,,,Not Available,False
,,,,,4.0,Medium,1.0,2.0,4.0,30.98,,,Not Available,False
,,,,,5.0,Medium,10.0,2.0,1.0,30.37,,,Not Available,False
,,,,,5.0,Medium,10.0,2.0,2.0,24.82,,,Not Available,False
,,,,,5.0,Medium,10.0,2.0,3.0,37.47,,,Not Available,False
,,,,,5.0,Medium,10.0,2.0,4.0,23.35,,,Not Available,False
,,,,,6.0,Medium,10.0,3.0,1.0,32.9,,,Not Available,False
,,,,,6.0,Medium,10.0,3.0,2.0,22.18,,,Not Available,False
,,,,,6.0,Medium,10.0,3.0,3.0,42.98,,,Not Available,False
,,,,,6.0,Medium,10.0,3.0,4.0,26.68,,,Not Available,False
,,,,,7.0,Medium,15.0,1.0,1.0,42.92,,,Not Available,False
,,,,,7.0,Medium,15.0,1.0,2.0,42.16,,,Not Available,False
,,,,,7.0,Medium,15.0,1.0,3.0,51.72,,,Not Available,False
,,,,,7.0,Medium,15.0,1.0,4.0,36.17,,,Not Available,False
,,,,,8.0,Medium,10.0,2.0,1.0,30.08,,,Not Available,False
,,,,,8.0,Medium,10.0,2.0,2.0,28.62,,,Not Available,False
,,,,,8.0,Medium,10.0,2.0,3.0,25.4,,,Not Available,False
,,,,,8.0,Medium,10.0,2.0,4.0,27.26,,,Not Available,False
,,,,,9.0,Medium,6.0,1.0,1.0,37.41,,,Not Available,False
,,,,,9.0,Medium,6.0,1.0,2.0,38.64,,,Not Available,False
,,,,,9.0,Medium,6.0,1.0,3.0,40.9,,,Not Available,False
,,,,,9.0,Medium,6.0,1.0,4.0,41.11,,,Not Available,False
,,,,,10.0,Medium,5.0,2.0,1.0,34.27,,,Not Available,False
,,,,,10.0,Medium,5.0,2.0,2.0,29.3,,,Not Available,False
,,,,,10.0,Medium,5.0,2.0,3.0,23.93,,,Not Available,False
,,,,,10.0,Medium,5.0,2.0,4.0,35.16,,,Not Available,False
,,,,,11.0,Medium,5.0,3.0,1.0,33.42,,,Not Available,False
,,,,,11.0,Medium,5.0,3.0,2.0,37.93,,,Not Available,False
,,,,,11.0,Medium,5.0,3.0,3.0,33.85,,,Not Available,False
,,,,,11.0,Medium,5.0,3.0,4.0,40.25,,,Not Available,False
,,,,,12.0,Medium,12.0,1.0,1.0,35.85,,,Not Available,False
,,,,,12.0,Medium,12.0,1.0,2.0,36.24,,,Not Available,False
,,,,,12.0,Medium,12.0,1.0,3.0,41.73,,,Not Available,False
,,,,,12.0,Medium,12.0,1.0,4.0,37.32,,,Not Available,False
,,,,,13.0,Medium,12.0,1.0,1.0,50.48,,,Not Available,False
,,,,,13.0,Medium,12.0,1.0,2.0,36.88,,,Not Available,False
,,,,,13.0,Medium,12.0,1.0,3.0,35.68,,,Not Available,False
,,,,,13.0,Medium,12.0,1.0,4.0,46.45,,,Not Available,False
,,,,,101.0,Small,22.0,1.0,1.0,67.48,,,Not Available,False
,,,,,101.0,Small,22.0,1.0,2.0,65.57,,,Not Available,False
,,,,,101.0,Small,22.0,1.0,3.0,68.42,,,Not Available,False
,,,,,101.0,Small,22.0,1.0,4.0,60.93,,,Not Available,False
,,,,,102.0,Small,8.0,3.0,1.0,61.59,,,Not Available,False
,,,,,102.0,Small,8.0,3.0,2.0,63.64,,,Not Available,False
,,,,,102.0,Small,8.0,3.0,3.0,54.68,,,Not Available,False
,,,,,102.0,Small,8.0,3.0,4.0,61.24,,,Not Available,False
,,,,,103.0,Small,22.0,3.0,1.0,62.93,,,Not Available,False
,,,,,103.0,Small,22.0,3.0,2.0,58.77,,,Not Available,False
,,,,,103.0,Small,22.0,3.0,3.0,70.6,,,Not Available,False
,,,,,103.0,Small,22.0,3.0,4.0,65.06,,,Not Available,False
,,,,,104.0,Small,19.0,3.0,1.0,59.76,,,Not Available,False
,,,,,104.0,Small,19.0,3.0,2.0,66.11,,,Not Available,False
,,,,,104.0,Small,19.0,3.0,3.0,62.16,,,Not Available,False
,,,,,104.0,Small,19.0,3.0,4.0,64.04,,,Not Available,False
,,,,,105.0,Small,8.0,3.0,1.0,59.65,,,Not Available,False
,,,,,105.0,Small,8.0,3.0,2.0,57.04,,,Not Available,False
,,,,,105.0,Small,8.0,3.0,3.0,59.73,,,Not Available,False
,,,,,105.0,Small,8.0,3.0,4.0,56.72,,,Not Available,False
,,,,,106.0,Small,5.0,3.0,1.0,58.55,,,Not Available,False
,,,,,106.0,Small,5.0,3.0,2.0,62.19,,,Not Available,False
,,,,,106.0,Small,5.0,3.0,3.0,53.14,,,Not Available,False
,,,,,106.0,Small,5.0,3.0,4.0,62.27,,,Not Available,False
,,,,,201.0,Large,4.0,3.0,1.0,86.14,,,Not Available,False
,,,,,201.0,Large,4.0,3.0,2.0,82.56,,,Not Available,False
,,,,,201.0,Large,4.0,3.0,3.0,79.36,,,Not Available,False
,,,,,201.0,Large,4.0,3.0,4.0,77.17,,,Not Available,False
,,,,,202.0,Large,8.0,1.0,1.0,88.73,,,Not Available,False
,,,,,202.0,Large,8.0,1.0,2.0,85.21,,,Not Available,False
,,,,,202.0,Large,8.0,1.0,3.0,81.55,,,Not Available,False
,,,,,202.0,Large,8.0,1.0,4.0,94.17,,,Not Available,False
,,,,,203.0,Large,12.0,3.0,1.0,89.7,,,Not Available,False
,,,,,203.0,Large,12.0,3.0,2.0,78.43,,,Not Available,False
,,,,,203.0,Large,12.0,3.0,3.0,84.05,,,Not Available,False
,,,,,203.0,Large,12.0,3.0,4.0,81.18,,,Not Available,False
,,,,,204.0,Large,1.0,2.0,1.0,87.43,,,Not Available,False
,,,,,204.0,Large,1.0,2.0,2.0,81.79,,,Not Available,False
,,,,,204.0,Large,1.0,2.0,3.0,88.12,,,Not Available,False
,,,,,204.0,Large,1.0,2.0,4.0,75.29,,,Not Available,False
,,,,,205.0,Large,19.0,3.0,1.0,83.02,,,Not Available,False
,,,,,205.0,Large,19.0,3.0,2.0,90.3,,,Not Available,False
,,,,,205.0,Large,19.0,3.0,3.0,85.18,,,Not Available,False
,,,,,205.0,Large,19.0,3.0,4.0,89.77,,,Not Available,False
,,,,,206.0,Large,11.0,3.0,1.0,82.64,,,Not Available,False
,,,,,206.0,Large,11.0,3.0,2.0,82.89,,,Not Available,False
,,,,,206.0,Large,11.0,3.0,3.0,82.13,,,Not Available,False
,,,,,206.0,Large,11.0,3.0,4.0,88.91,,,Not Available,False
,,,,,207.0,Large,1.0,3.0,1.0,87.7,,,Not Available,False
,,,,,207.0,Large,1.0,3.0,2.0,81.16,,,Not Available,False
,,,,,207.0,Large,1.0,3.0,3.0,81.58,,,Not Available,False
,,,,,207.0,Large,1.0,3.0,4.0,94.21,,,Not Available,False
,,,,,208.0,Large,1.0,3.0,1.0,96.48,,,Not Available,False
,,,,,208.0,Large,1.0,3.0,2.0,84.13,,,Not Available,False
,,,,,208.0,Large,1.0,3.0,3.0,91.98,,,Not Available,False
,,,,,208.0,Large,1.0,3.0,4.0,81.72,,,Not Available,False
,,,,,209.0,Large,1.0,1.0,1.0,93.71,,,Not Available,False
,,,,,209.0,Large,1.0,1.0,2.0,96.01,,,Not Available,False
,,,,,209.0,Large,1.0,1.0,3.0,93.03,,,Not Available,False
,,,,,209.0,Large,1.0,1.0,4.0,97.61,,,Not Available,False
,,,,,210.0,Large,19.0,1.0,1.0,85.11,,,Not Available,False
,,,,,210.0,Large,19.0,1.0,2.0,88.07,,,Not Available,False
,,,,,210.0,Large,19.0,1.0,3.0,94.43,,,Not Available,False
,,,,,210.0,Large,19.0,1.0,4.0,89.44,,,Not Available,False
,,,,,211.0,Large,13.0,2.0,1.0,88.64,,,Not Available,False
,,,,,211.0,Large,13.0,2.0,2.0,81.37,,,Not Available,False
,,,,,211.0,Large,13.0,2.0,3.0,82.14,,,Not Available,False
,,,,,211.0,Large,13.0,2.0,4.0,79.64,,,Not Available,False
,,,,,212.0,Large,3.0,3.0,1.0,84.34,,,Not Available,False
,,,,,212.0,Large,3.0,3.0,2.0,87.9,,,Not Available,False
,,,,,212.0,Large,3.0,3.0,3.0,76.12,,,Not Available,False
,,,,,212.0,Large,3.0,3.0,4.0,82.72,,,Not Available,False
,,,,,213.0,Large,4.0,2.0,1.0,73.22,,,Not Available,False
,,,,,213.0,Large,4.0,2.0,2.0,75.88,,,Not Available,False
,,,,,213.0,Large,4.0,2.0,3.0,78.01,,,Not Available,False
,,,,,213.0,Large,4.0,2.0,4.0,80.17,,,Not Available,False
,,,,,214.0,Large,5.0,1.0,1.0,91.6,,,Not Available,False
,,,,,214.0,Large,5.0,1.0,2.0,80.61,,,Not Available,False
,,,,,214.0,Large,5.0,1.0,3.0,93.86,,,Not Available,False
,,,,,214.0,Large,5.0,1.0,4.0,83.43,,,Not Available,False
,,,,,215.0,Large,7.0,2.0,1.0,82.65,,,Not Available,False
,,,,,215.0,Large,7.0,2.0,2.0,77.39,,,Not Available,False
,,,,,215.0,Large,7.0,2.0,3.0,80.83,,,Not Available,False
,,,,,215.0,Large,7.0,2.0,4.0,80.75,,,Not Available,False
,,,,,216.0,Large,4.0,3.0,1.0,94.89,,,Not Available,False
,,,,,216.0,Large,4.0,3.0,2.0,74.75,,,Not Available,False
,,,,,216.0,Large,4.0,3.0,3.0,93.63,,,Not Available,False
,,,,,216.0,Large,4.0,3.0,4.0,80.82,,,Not Available,False
,,,,,217.0,Large,5.0,3.0,1.0,91.61,,,Not Available,False
,,,,,217.0,Large,5.0,3.0,2.0,79.02,,,Not Available,False
,,,,,217.0,Large,5.0,3.0,3.0,86.11,,,Not Available,False
,,,,,217.0,Large,5.0,3.0,4.0,82.88,,,Not Available,False
,,,,,218.0,Large,2.0,1.0,1.0,99.65,,,Not Available,False
,,,,,218.0,Large,2.0,1.0,2.0,88.64,,,Not Available,False
,,,,,218.0,Large,2.0,1.0,3.0,86.96,,,Not Available,False
,,,,,218.0,Large,2.0,1.0,4.0,89.25,,,Not Available,False
,,,,,219.0,Large,7.0,2.0,1.0,66.22,,,Not Available,False
,,,,,219.0,Large,7.0,2.0,2.0,82.86,,,Not Available,False
,,,,,219.0,Large,7.0,2.0,3.0,83.4,,,Not Available,False
,,,,,219.0,Large,7.0,2.0,4.0,75.61,,,Not Available,False
,,,,,220.0,Large,3.0,1.0,1.0,87.08,,,Not Available,False
,,,,,220.0,Large,3.0,1.0,2.0,89.32,,,Not Available,False
,,,,,220.0,Large,3.0,1.0,3.0,99.12,,,Not Available,False
,,,,,220.0,Large,3.0,1.0,4.0,85.85,,,Not Available,False
,,,,,221.0,Large,23.0,2.0,1.0,79.53,,,Not Available,False
,,,,,221.0,Large,23.0,2.0,2.0,74.03,,,Not Available,False
,,,,,221.0,Large,23.0,2.0,3.0,78.53,,,Not Available,False
,,,,,221.0,Large,23.0,2.0,4.0,76.71,,,Not Available,False
,,,,,222.0,Large,6.0,1.0,1.0,93.32,,,Not Available,False
,,,,,222.0,Large,6.0,1.0,2.0,85.71,,,Not Available,False
,,,,,222.0,Large,6.0,1.0,3.0,77.36,,,Not Available,False
,,,,,222.0,Large,6.0,1.0,4.0,91.29,,,Not Available,False
,,,,,301.0,Small,1.0,2.0,1.0,49.61,,,Not Available,False
,,,,,301.0,Small,1.0,2.0,2.0,43.69,,,Not Available,False
,,,,,301.0,Small,1.0,2.0,3.0,54.49,,,Not Available,False
,,,,,301.0,Small,1.0,2.0,4.0,61.25,,,Not Available,False
,,,,,302.0,Small,7.0,3.0,1.0,51.47,,,Not Available,False
,,,,,302.0,Small,7.0,3.0,2.0,53.47,,,Not Available,False
,,,,,302.0,Small,7.0,3.0,3.0,46.83,,,Not Available,False
,,,,,302.0,Small,7.0,3.0,4.0,56.7,,,Not Available,False
,,,,,303.0,Small,9.0,1.0,1.0,55.94,,,Not Available,False
,,,,,303.0,Small,9.0,1.0,2.0,61.36,,,Not Available,False
,,,,,303.0,Small,9.0,1.0,3.0,56.19,,,Not Available,False
,,,,,303.0,Small,9.0,1.0,4.0,62.06,,,Not Available,False
,,,,,304.0,Small,3.0,1.0,1.0,54.01,,,Not Available,False
,,,,,304.0,Small,3.0,1.0,2.0,63.48,,,Not Available,False
,,,,,304.0,Small,3.0,1.0,3.0,61.96,,,Not Available,False
,,,,,304.0,Small,3.0,1.0,4.0,55.3,,,Not Available,False
,,,,,305.0,Small,2.0,2.0,1.0,47.89,,,Not Available,False
,,,,,305.0,Small,2.0,2.0,2.0,52.37,,,Not Available,False
,,,,,305.0,Small,2.0,2.0,3.0,49.11,,,Not Available,False
,,,,,305.0,Small,2.0,2.0,4.0,52.88,,,Not Available,False
,,,,,306.0,Small,13.0,1.0,1.0,53.79,,,Not Available,False
,,,,,306.0,Small,13.0,1.0,2.0,66.96,,,Not Available,False
,,,,,306.0,Small,13.0,1.0,3.0,57.1,,,Not Available,False
,,,,,306.0,Small,13.0,1.0,4.0,65.12,,,Not Available,False
,,,,,307.0,Small,7.0,2.0,1.0,46.98,,,Not Available,False
,,,,,307.0,Small,7.0,2.0,2.0,53.41,,,Not Available,False
,,,,,307.0,Small,7.0,2.0,3.0,36.17,,,Not Available,False
,,,,,307.0,Small,7.0,2.0,4.0,55.98,,,Not Available,False
,,,,,308.0,Small,28.0,2.0,1.0,51.87,,,Not Available,False
,,,,,308.0,Small,28.0,2.0,2.0,58.01,,,Not Available,False
,,,,,308.0,Small,28.0,2.0,3.0,47.93,,,Not Available,False
,,,,,308.0,Small,28.0,2.0,4.0,51.33,,,Not Available,False
,,,,,309.0,Small,8.0,1.0,1.0,62.16,,,Not Available,False
,,,,,309.0,Small,8.0,1.0,2.0,54.06,,,Not Available,False
,,,,,309.0,Small,8.0,1.0,3.0,51.72,,,Not Available,False
,,,,,309.0,Small,8.0,1.0,4.0,59.64,,,Not Available,False
,,,,,401.0,Medium,5.0,3.0,1.0,52.23,,,Not Available,False
,,,,,401.0,Medium,5.0,3.0,2.0,51.68,,,Not Available,False
,,,,,401.0,Medium,5.0,3.0,3.0,46.22,,,Not Available,False
,,,,,401.0,Medium,5.0,3.0,4.0,46.03,,,Not Available,False
,,,,,402.0,Medium,25.0,2.0,1.0,40.4,,,Not Available,False
,,,,,402.0,Medium,25.0,2.0,2.0,50.28,,,Not Available,False
,,,,,402.0,Medium,25.0,2.0,3.0,52.72,,,Not Available,False
,,,,,402.0,Medium,25.0,2.0,4.0,38.3,,,Not Available,False
,,,,,403.0,Medium,19.0,2.0,1.0,51.79,,,Not Available,False
,,,,,403.0,Medium,19.0,2.0,2.0,42.56,,,Not Available,False
,,,,,403.0,Medium,19.0,2.0,3.0,44.64,,,Not Available,False
,,,,,403.0,Medium,19.0,2.0,4.0,45.11,,,Not Available,False
,,,,,404.0,Medium,8.0,2.0,1.0,42.15,,,Not Available,False
,,,,,404.0,Medium,8.0,2.0,2.0,42.59,,,Not Available,False
,,,,,404.0,Medium,8.0,2.0,3.0,49.56,,,Not Available,False
,,,,,404.0,Medium,8.0,2.0,4.0,39.25,,,Not Available,False
,,,,,405.0,Medium,4.0,2.0,1.0,48.18,,,Not Available,False
,,,,,405.0,Medium,4.0,2.0,2.0,48.25,,,Not Available,False
,,,,,405.0,Medium,4.0,2.0,3.0,46.42,,,Not Available,False
,,,,,405.0,Medium,4.0,2.0,4.0,43.77,,,Not Available,False
,,,,,406.0,Medium,3.0,2.0,1.0,45.3,,,Not Available,False
,,,,,406.0,Medium,3.0,2.0,2.0,48.84,,,Not Available,False
,,,,,406.0,Medium,3.0,2.0,3.0,45.08,,,Not Available,False
,,,,,406.0,Medium,3.0,2.0,4.0,44.67,,,Not Available,False
,,,,,407.0,Medium,6.0,3.0,1.0,45.56,,,Not Available,False
,,,,,407.0,Medium,6.0,3.0,2.0,55.19,,,Not Available,False
,,,,,407.0,Medium,6.0,3.0,3.0,37.84,,,Not Available,False
,,,,,407.0,Medium,6.0,3.0,4.0,50.07,,,Not Available,False
,,,,,408.0,Medium,9.0,2.0,1.0,47.33,,,Not Available,False
,,,,,408.0,Medium,9.0,2.0,2.0,45.42,,,Not Available,False
,,,,,408.0,Medium,9.0,2.0,3.0,44.31,,,Not Available,False
,,,,,408.0,Medium,9.0,2.0,4.0,40.26,,,Not Available,False
,,,,,409.0,Medium,14.0,2.0,1.0,43.27,,,Not Available,False
,,,,,409.0,Medium,14.0,2.0,2.0,48.33,,,Not Available,False
,,,,,409.0,Medium,14.0,2.0,3.0,44.14,,,Not Available,False
,,,,,409.0,Medium,14.0,2.0,4.0,51.5,,,Not Available,False
,,,,,410.0,Medium,11.0,1.0,1.0,49.95,,,Not Available,False
,,,,,410.0,Medium,11.0,1.0,2.0,55.11,,,Not Available,False
,,,,,410.0,Medium,11.0,1.0,3.0,55.28,,,Not Available,False
,,,,,410.0,Medium,11.0,1.0,4.0,54.7,,,Not Available,False
,,,,,411.0,Medium,23.0,3.0,1.0,50.11,,,Not Available,False
,,,,,411.0,Medium,23.0,3.0,2.0,55.59,,,Not Available,False
,,,,,411.0,Medium,23.0,3.0,3.0,54.37,,,Not Available,False
,,,,,411.0,Medium,23.0,3.0,4.0,51.91,,,Not Available,False
,,,,,412.0,Medium,6.0,1.0,1.0,59.34,,,Not Available,False
,,,,,412.0,Medium,6.0,1.0,2.0,62.63,,,Not Available,False
,,,,,412.0,Medium,6.0,1.0,3.0,49.08,,,Not Available,False
,,,,,412.0,Medium,6.0,1.0,4.0,58.04,,,Not Available,False
,,,,,413.0,Medium,1.0,2.0,1.0,46.26,,,Not Available,False
,,,,,413.0,Medium,1.0,2.0,2.0,47.71,,,Not Available,False
,,,,,413.0,Medium,1.0,2.0,3.0,54.09,,,Not Available,False
,,,,,413.0,Medium,1.0,2.0,4.0,46.89,,,Not Available,False
,,,,,414.0,Medium,1.0,3.0,1.0,57.37,,,Not Available,False
,,,,,414.0,Medium,1.0,3.0,2.0,55.53,,,Not Available,False
,,,,,414.0,Medium,1.0,3.0,3.0,51.16,,,Not Available,False
,,,,,414.0,Medium,1.0,3.0,4.0,57.06,,,Not Available,False
,,,,,415.0,Medium,12.0,3.0,1.0,50.59,,,Not Available,False
,,,,,415.0,Medium,12.0,3.0,2.0,48.64,,,Not Available,False
,,,,,415.0,Medium,12.0,3.0,3.0,50.55,,,Not Available,False
,,,,,415.0,Medium,12.0,3.0,4.0,49.08,,,Not Available,False
,,,,,501.0,Medium,6.0,3.0,1.0,24.75,,,Not Available,False
,,,,,501.0,Medium,6.0,3.0,2.0,41.47,,,Not Available,False
,,,,,501.0,Medium,6.0,3.0,3.0,35.1,,,Not Available,False
,,,,,501.0,Medium,6.0,3.0,4.0,34.33,,,Not Available,False
,,,,,502.0,Medium,19.0,2.0,1.0,31.94,,,Not Available,False
,,,,,502.0,Medium,19.0,2.0,2.0,29.64,,,Not Available,False
,,,,,502.0,Medium,19.0,2.0,3.0,33.64,,,Not Available,False
,,,,,502.0,Medium,19.0,2.0,4.0,36.05,,,Not Available,False
,,,,,503.0,Medium,2.0,2.0,1.0,36.7,,,Not Available,False
,,,,,503.0,Medium,2.0,2.0,2.0,41.53,,,Not Available,False
,,,,,503.0,Medium,2.0,2.0,3.0,27.71,,,Not Available,False
,,,,,503.0,Medium,2.0,2.0,4.0,37.2,,,Not Available,False
,,,,,504.0,Medium,4.0,1.0,1.0,42.16,,,Not Available,False
,,,,,504.0,Medium,4.0,1.0,2.0,36.8,,,Not Available,False
,,,,,504.0,Medium,4.0,1.0,3.0,46.98,,,Not Available,False
,,,,,504.0,Medium,4.0,1.0,4.0,47.35,,,Not Available,False
,,,,,505.0,Medium,1.0,2.0,1.0,32.21,,,Not Available,False
,,,,,505.0,Medium,1.0,2.0,2.0,38.41,,,Not Available,False
,,,,,505.0,Medium,1.0,2.0,3.0,37.9,,,Not Available,False
,,,,,505.0,Medium,1.0,2.0,4.0,44.84,,,Not Available,False
,,,,,506.0,Medium,12.0,2.0,1.0,37.45,,,Not Available,False
,,,,,506.0,Medium,12.0,2.0,2.0,35.46,,,Not Available,False
,,,,,506.0,Medium,12.0,2.0,3.0,31.85,,,Not Available,False
,,,,,506.0,Medium,12.0,2.0,4.0,19.26,,,Not Available,False
,,,,,507.0,Medium,5.0,2.0,1.0,38.65,,,Not Available,False
,,,,,507.0,Medium,5.0,2.0,2.0,17.34,,,Not Available,False
,,,,,507.0,Medium,5.0,2.0,3.0,33.14,,,Not Available,False
,,,,,507.0,Medium,5.0,2.0,4.0,23.44,,,Not Available,False
,,,,,508.0,Medium,5.0,3.0,1.0,37.17,,,Not Available,False
,,,,,508.0,Medium,5.0,3.0,2.0,30.52,,,Not Available,False
,,,,,508.0,Medium,5.0,3.0,3.0,32.51,,,Not Available,False
,,,,,508.0,Medium,5.0,3.0,4.0,29.12,,,Not Available,False
,,,,,509.0,Medium,8.0,1.0,1.0,40.46,,,Not Available,False
,,,,,509.0,Medium,8.0,1.0,2.0,41.25,,,Not Available,False
,,,,,509.0,Medium,8.0,1.0,3.0,32.05,,,Not Available,False
,,,,,509.0,Medium,8.0,1.0,4.0,47.5,,,Not Available,False
,,,,,510.0,Medium,7.0,2.0,1.0,32.77,,,Not Available,False
,,,,,510.0,Medium,7.0,2.0,2.0,30.26,,,Not Available,False
,,,,,510.0,Medium,7.0,2.0,3.0,27.55,,,Not Available,False
,,,,,510.0,Medium,7.0,2.0,4.0,27.37,,,Not Available,False
,,,,,511.0,Medium,24.0,3.0,1.0,47.48,,,Not Available,False
,,,,,511.0,Medium,24.0,3.0,2.0,39.41,,,Not Available,False
,,,,,511.0,Medium,24.0,3.0,3.0,43.29,,,Not Available,False
,,,,,511.0,Medium,24.0,3.0,4.0,42.59,,,Not Available,False
,,,,,512.0,Medium,4.0,1.0,1.0,35.3,,,Not Available,False
,,,,,512.0,Medium,4.0,1.0,2.0,35.86,,,Not Available,False
,,,,,512.0,Medium,4.0,1.0,3.0,49.3,,,Not Available,False
,,,,,512.0,Medium,4.0,1.0,4.0,30.81,,,Not Available,False
,,,,,513.0,Medium,7.0,1.0,1.0,44.98,,,Not Available,False
,,,,,513.0,Medium,7.0,1.0,2.0,41.71,,,Not Available,False
,,,,,513.0,Medium,7.0,1.0,3.0,41.1,,,Not Available,False
,,,,,513.0,Medium,7.0,1.0,4.0,40.97,,,Not Available,False
,,,,,514.0,Medium,6.0,1.0,1.0,41.1,,,Not Available,False
,,,,,514.0,Medium,6.0,1.0,2.0,41.56,,,Not Available,False
,,,,,514.0,Medium,6.0,1.0,3.0,36.39,,,Not Available,False
,,,,,514.0,Medium,6.0,1.0,4.0,39.67,,,Not Available,False
,,,,,515.0,Medium,8.0,3.0,1.0,34.46,,,Not Available,False
,,,,,515.0,Medium,8.0,3.0,2.0,40.13,,,Not Available,False
,,,,,515.0,Medium,8.0,3.0,3.0,32.18,,,Not Available,False
,,,,,515.0,Medium,8.0,3.0,4.0,43.73,,,Not Available,False
,,,,,601.0,Medium,7.0,3.0,1.0,49.01,,,Not Available,False
,,,,,601.0,Medium,7.0,3.0,2.0,46.29,,,Not Available,False
,,,,,601.0,Medium,7.0,3.0,3.0,37.14,,,Not Available,False
,,,,,601.0,Medium,7.0,3.0,4.0,42.82,,,Not Available,False
,,,,,602.0,Medium,4.0,3.0,1.0,47.22,,,Not Available,False
,,,,,602.0,Medium,4.0,3.0,2.0,35.24,,,Not Available,False
,,,,,602.0,Medium,4.0,3.0,3.0,47.22,,,Not Available,False
,,,,,602.0,Medium,4.0,3.0,4.0,43.15,,,Not Available,False
,,,,,603.0,Medium,4.0,2.0,1.0,40.71,,,Not Available,False
,,,,,603.0,Medium,4.0,2.0,2.0,38.26,,,Not Available,False
,,,,,603.0,Medium,4.0,2.0,3.0,41.44,,,Not Available,False
,,,,,603.0,Medium,4.0,2.0,4.0,25.7,,,Not Available,False
,,,,,604.0,Medium,11.0,3.0,1.0,40.29,,,Not Available,False
,,,,,604.0,Medium,11.0,3.0,2.0,48.35,,,Not Available,False
,,,,,604.0,Medium,11.0,3.0,3.0,43.26,,,Not Available,False
,,,,,604.0,Medium,11.0,3.0,4.0,44.2,,,Not Available,False
,,,,,605.0,Medium,8.0,3.0,1.0,46.14,,,Not Available,False
,,,,,605.0,Medium,8.0,3.0,2.0,41.12,,,Not Available,False
,,,,,605.0,Medium,8.0,3.0,3.0,45.03,,,Not Available,False
,,,,,605.0,Medium,8.0,3.0,4.0,38.85,,,Not Available,False
,,,,,606.0,Medium,8.0,3.0,1.0,41.96,,,Not Available,False
,,,,,606.0,Medium,8.0,3.0,2.0,42.27,,,Not Available,False
,,,,,606.0,Medium,8.0,3.0,3.0,38.51,,,Not Available,False
,,,,,606.0,Medium,8.0,3.0,4.0,43.51,,,Not Available,False
,,,,,607.0,Medium,3.0,2.0,1.0,49.39,,,Not Available,False
,,,,,607.0,Medium,3.0,2.0,2.0,40.25,,,Not Available,False
,,,,,607.0,Medium,3.0,2.0,3.0,42.46,,,Not Available,False
,,,,,607.0,Medium,3.0,2.0,4.0,31.62,,,Not Available,False
,,,,,608.0,Medium,18.0,1.0,1.0,53.38,,,Not Available,False
,,,,,608.0,Medium,18.0,1.0,2.0,55.31,,,Not Available,False
,,,,,608.0,Medium,18.0,1.0,3.0,56.1,,,Not Available,False
,,,,,608.0,Medium,18.0,1.0,4.0,43.24,,,Not Available,False
,,,,,609.0,Medium,9.0,1.0,1.0,48.18,,,Not Available,False
,,,,,609.0,Medium,9.0,1.0,2.0,43.11,,,Not Available,False
,,,,,609.0,Medium,9.0,1.0,3.0,43.78,,,Not Available,False
,,,,,609.0,Medium,9.0,1.0,4.0,56.9,,,Not Available,False
,,,,,610.0,Medium,4.0,1.0,1.0,53.53,,,Not Available,False
,,,,,610.0,Medium,4.0,1.0,2.0,47.92,,,Not Available,False
,,,,,610.0,Medium,4.0,1.0,3.0,56.18,,,Not Available,False
,,,,,610.0,Medium,4.0,1.0,4.0,46.66,,,Not Available,False
,,,,,611.0,Medium,11.0,3.0,1.0,40.43,,,Not Available,False
,,,,,611.0,Medium,11.0,3.0,2.0,51.15,,,Not Available,False
,,,,,611.0,Medium,11.0,3.0,3.0,42.5,,,Not Available,False
,,,,,611.0,Medium,11.0,3.0,4.0,52.76,,,Not Available,False
,,,,,612.0,Medium,1.0,3.0,1.0,47.63,,,Not Available,False
,,,,,612.0,Medium,1.0,3.0,2.0,52.21,,,Not Available,False
,,,,,612.0,Medium,1.0,3.0,3.0,40.17,,,Not Available,False
,,,,,612.0,Medium,1.0,3.0,4.0,48.36,,,Not Available,False
,,,,,613.0,Medium,18.0,1.0,1.0,42.76,,,Not Available,False
,,,,,613.0,Medium,18.0,1.0,2.0,50.52,,,Not Available,False
,,,,,613.0,Medium,18.0,1.0,3.0,56.86,,,Not Available,False
,,,,,613.0,Medium,18.0,1.0,4.0,47.51,,,Not Available,False
,,,,,614.0,Medium,8.0,2.0,1.0,38.56,,,Not Available,False
,,,,,614.0,Medium,8.0,2.0,2.0,37.29,,,Not Available,False
,,,,,614.0,Medium,8.0,2.0,3.0,35.6,,,Not Available,False
,,,,,614.0,Medium,8.0,2.0,4.0,33.35,,,Not Available,False
,,,,,615.0,Medium,1.0,2.0,1.0,48.5,,,Not Available,False
,,,,,615.0,Medium,1.0,2.0,2.0,36.8,,,Not Available,False
,,,,,615.0,Medium,1.0,2.0,3.0,48.32,,,Not Available,False
,,,,,615.0,Medium,1.0,2.0,4.0,41.54,,,Not Available,False
,,,,,701.0,Medium,1.0,3.0,1.0,53.56,,,Not Available,False
,,,,,701.0,Medium,1.0,3.0,2.0,49.72,,,Not Available,False
,,,,,701.0,Medium,1.0,3.0,3.0,48.77,,,Not Available,False
,,,,,701.0,Medium,1.0,3.0,4.0,46.84,,,Not Available,False
,,,,,702.0,Medium,13.0,1.0,1.0,51.82,,,Not Available,False
,,,,,702.0,Medium,13.0,1.0,2.0,45.02,,,Not Available,False
,,,,,702.0,Medium,13.0,1.0,3.0,49.44,,,Not Available,False
,,,,,702.0,Medium,13.0,1.0,4.0,51.32,,,Not Available,False
,,,,,703.0,Medium,4.0,1.0,1.0,52.85,,,Not Available,False
,,,,,703.0,Medium,4.0,1.0,2.0,40.84,,,Not Available,False
,,,,,703.0,Medium,4.0,1.0,3.0,64.45,,,Not Available,False
,,,,,703.0,Medium,4.0,1.0,4.0,44.43,,,Not Available,False
,,,,,704.0,Medium,27.0,1.0,1.0,56.64,,,Not Available,False
,,,,,704.0,Medium,27.0,1.0,2.0,46.06,,,Not Available,False
,,,,,704.0,Medium,27.0,1.0,3.0,55.46,,,Not Available,False
,,,,,704.0,Medium,27.0,1.0,4.0,51.41,,,Not Available,False
,,,,,705.0,Medium,22.0,3.0,1.0,49.67,,,Not Available,False
,,,,,705.0,Medium,22.0,3.0,2.0,49.98,,,Not Available,False
,,,,,705.0,Medium,22.0,3.0,3.0,49.5,,,Not Available,False
,,,,,705.0,Medium,22.0,3.0,4.0,47.35,,,Not Available,False
,,,,,706.0,Medium,17.0,3.0,1.0,50.26,,,Not Available,False
,,,,,706.0,Medium,17.0,3.0,2.0,52.05,,,Not Available,False
,,,,,706.0,Medium,17.0,3.0,3.0,51.14,,,Not Available,False
,,,,,706.0,Medium,17.0,3.0,4.0,46.3,,,Not Available,False
,,,,,707.0,Medium,5.0,1.0,1.0,56.99,,,Not Available,False
,,,,,707.0,Medium,5.0,1.0,2.0,45.57,,,Not Available,False
,,,,,707.0,Medium,5.0,1.0,3.0,45.92,,,Not Available,False
,,,,,707.0,Medium,5.0,1.0,4.0,50.52,,,Not Available,False
,,,,,708.0,Medium,15.0,2.0,1.0,32.61,,,Not Available,False
,,,,,708.0,Medium,15.0,2.0,2.0,57.27,,,Not Available,False
,,,,,708.0,Medium,15.0,2.0,3.0,37.32,,,Not Available,False
,,,,,708.0,Medium,15.0,2.0,4.0,41.22,,,Not Available,False
,,,,,709.0,Medium,1.0,2.0,1.0,39.73,,,Not Available,False
,,,,,709.0,Medium,1.0,2.0,2.0,50.3,,,Not Available,False
,,,,,709.0,Medium,1.0,2.0,3.0,40.16,,,Not Available,False
,,,,,709.0,Medium,1.0,2.0,4.0,41.37,,,Not Available,False
,,,,,710.0,Medium,24.0,3.0,1.0,54.79,,,Not Available,False
,,,,,710.0,Medium,24.0,3.0,2.0,52.39,,,Not Available,False
,,,,,710.0,Medium,24.0,3.0,3.0,42.15,,,Not Available,False
,,,,,710.0,Medium,24.0,3.0,4.0,49.63,,,Not Available,False
,,,,,711.0,Medium,1.0,1.0,1.0,54.95,,,Not Available,False
,,,,,711.0,Medium,1.0,1.0,2.0,55.78,,,Not Available,False
,,,,,711.0,Medium,1.0,1.0,3.0,46.49,,,Not Available,False
,,,,,711.0,Medium,1.0,1.0,4.0,56.84,,,Not Available,False
,,,,,712.0,Medium,9.0,3.0,1.0,48.06,,,Not Available,False
,,,,,712.0,Medium,9.0,3.0,2.0,51.09,,,Not Available,False
,,,,,712.0,Medium,9.0,3.0,3.0,44.19,,,Not Available,False
,,,,,712.0,Medium,9.0,3.0,4.0,49.52,,,Not Available,False
,,,,,801.0,Medium,3.0,1.0,1.0,65.11,,,Not Available,False
,,,,,801.0,Medium,3.0,1.0,2.0,54.38,,,Not Available,False
,,,,,801.0,Medium,3.0,1.0,3.0,57.14,,,Not Available,False
,,,,,801.0,Medium,3.0,1.0,4.0,49.91,,,Not Available,False
,,,,,802.0,Medium,9.0,2.0,1.0,48.76,,,Not Available,False
,,,,,802.0,Medium,9.0,2.0,2.0,44.14,,,Not Available,False
,,,,,802.0,Medium,9.0,2.0,3.0,58.1,,,Not Available,False
,,,,,802.0,Medium,9.0,2.0,4.0,44.16,,,Not Available,False
,,,,,803.0,Medium,10.0,3.0,1.0,44.66,,,Not Available,False
,,,,,803.0,Medium,10.0,3.0,2.0,53.78,,,Not Available,False
,,,,,803.0,Medium,10.0,3.0,3.0,43.91,,,Not Available,False
,,,,,803.0,Medium,10.0,3.0,4.0,52.41,,,Not Available,False
,,,,,804.0,Medium,1.0,1.0,1.0,50.54,,,Not Available,False
,,,,,804.0,Medium,1.0,1.0,2.0,58.43,,,Not Available,False
,,,,,804.0,Medium,1.0,1.0,3.0,59.77,,,Not Available,False
,,,,,804.0,Medium,1.0,1.0,4.0,60.44,,,Not Available,False
,,,,,805.0,Medium,6.0,3.0,1.0,50.94,,,Not Available,False
,,,,,805.0,Medium,6.0,3.0,2.0,49.38,,,Not Available,False
,,,,,805.0,Medium,6.0,3.0,3.0,63.98,,,Not Available,False
,,,,,805.0,Medium,6.0,3.0,4.0,45.84,,,Not Available,False
,,,,,806.0,Medium,5.0,3.0,1.0,51.01,,,Not Available,False
,,,,,806.0,Medium,5.0,3.0,2.0,56.16,,,Not Available,False
,,,,,806.0,Medium,5.0,3.0,3.0,45.77,,,Not Available,False
,,,,,806.0,Medium,5.0,3.0,4.0,46.47,,,Not Available,False
,,,,,807.0,Medium,1.0,2.0,1.0,46.02,,,Not Available,False
,,,,,807.0,Medium,1.0,2.0,2.0,51.09,,,Not Available,False
,,,,,807.0,Medium,1.0,2.0,3.0,51.68,,,Not Available,False
,,,,,807.0,Medium,1.0,2.0,4.0,55.91,,,Not Available,False
,,,,,808.0,Medium,20.0,3.0,1.0,55.9,,,Not Available,False
,,,,,808.0,Medium,20.0,3.0,2.0,59.8,,,Not Available,False
,,,,,808.0,Medium,20.0,3.0,3.0,60.97,,,Not Available,False
,,,,,808.0,Medium,20.0,3.0,4.0,64.14,,,Not Available,False
,,,,,809.0,Medium,9.0,3.0,1.0,39.98,,,Not Available,False
,,,,,809.0,Medium,9.0,3.0,2.0,54.58,,,Not Available,False
,,,,,809.0,Medium,9.0,3.0,3.0,52.64,,,Not Available,False
,,,,,809.0,Medium,9.0,3.0,4.0,45.43,,,Not Available,False
,,,,,810.0,Medium,13.0,1.0,1.0,49.3,,,Not Available,False
,,,,,810.0,Medium,13.0,1.0,2.0,61.8,,,Not Available,False
,,,,,810.0,Medium,13.0,1.0,3.0,58.0,,,Not Available,False
,,,,,810.0,Medium,13.0,1.0,4.0,55.2,,,Not Available,False
,,,,,901.0,Large,7.0,2.0,1.0,53.76,,,Not Available,False
,,,,,901.0,Large,7.0,2.0,2.0,39.36,,,Not Available,False
,,,,,901.0,Large,7.0,2.0,3.0,47.2,,,Not Available,False
,,,,,901.0,Large,7.0,2.0,4.0,53.66,,,Not Available,False
,,,,,902.0,Large,1.0,1.0,1.0,61.53,,,Not Available,False
,,,,,902.0,Large,1.0,1.0,2.0,59.17,,,Not Available,False
,,,,,902.0,Large,1.0,1.0,3.0,63.73,,,Not Available,False
,,,,,902.0,Large,1.0,1.0,4.0,61.77,,,Not Available,False
,,,,,903.0,Large,7.0,3.0,1.0,51.89,,,Not Available,False
,,,,,903.0,Large,7.0,3.0,2.0,51.17,,,Not Available,False
,,,,,903.0,Large,7.0,3.0,3.0,54.33,,,Not Available,False
,,,,,903.0,Large,7.0,3.0,4.0,50.05,,,Not Available,False
,,,,,904.0,Large,10.0,2.0,1.0,51.09,,,Not Available,False
,,,,,904.0,Large,10.0,2.0,2.0,54.82,,,Not Available,False
,,,,,904.0,Large,10.0,2.0,3.0,44.16,,,Not Available,False
,,,,,904.0,Large,10.0,2.0,4.0,53.95,,,Not Available,False
,,,,,905.0,Large,2.0,3.0,1.0,54.34,,,Not Available,False
,,,,,905.0,Large,2.0,3.0,2.0,60.24,,,Not Available,False
,,,,,905.0,Large,2.0,3.0,3.0,56.39,,,Not Available,False
,,,,,905.0,Large,2.0,3.0,4.0,58.33,,,Not Available,False
,,,,,906.0,Large,13.0,2.0,1.0,51.26,,,Not Available,False
,,,,,906.0,Large,13.0,2.0,2.0,51.73,,,Not Available,False
,,,,,906.0,Large,13.0,2.0,3.0,51.35,,,Not Available,False
,,,,,906.0,Large,13.0,2.0,4.0,41.85,,,Not Available,False
,,,,,907.0,Large,10.0,2.0,1.0,45.21,,,Not Available,False
,,,,,907.0,Large,10.0,2.0,2.0,55.02,,,Not Available,False
,,,,,907.0,Large,10.0,2.0,3.0,45.35,,,Not Available,False
,,,,,907.0,Large,10.0,2.0,4.0,47.06,,,Not Available,False
,,,,,908.0,Large,3.0,2.0,1.0,43.59,,,Not Available,False
,,,,,908.0,Large,3.0,2.0,2.0,46.03,,,Not Available,False
,,,,,908.0,Large,3.0,2.0,3.0,47.22,,,Not Available,False
,,,,,908.0,Large,3.0,2.0,4.0,51.41,,,Not Available,False
,,,,,909.0,Large,1.0,1.0,1.0,58.19,,,Not Available,False
,,,,,909.0,Large,1.0,1.0,2.0,62.72,,,Not Available,False
,,,,,909.0,Large,1.0,1.0,3.0,66.66,,,Not Available,False
,,,,,909.0,Large,1.0,1.0,4.0,64.66,,,Not Available,False
,,,,,910.0,Large,1.0,1.0,1.0,66.34,,,Not Available,False
,,,,,910.0,Large,1.0,1.0,2.0,60.59,,,Not Available,False
,,,,,910.0,Large,1.0,1.0,3.0,61.95,,,Not Available,False
,,,,,910.0,Large,1.0,1.0,4.0,67.84,,,Not Available,False
,,,,,911.0,Large,1.0,2.0,1.0,55.39,,,Not Available,False
,,,,,911.0,Large,1.0,2.0,2.0,49.16,,,Not Available,False
,,,,,911.0,Large,1.0,2.0,3.0,58.26,,,Not Available,False
,,,,,911.0,Large,1.0,2.0,4.0,48.12,,,Not Available,False
,,,,,912.0,Large,6.0,2.0,1.0,49.98,,,Not Available,False
,,,,,912.0,Large,6.0,2.0,2.0,44.84,,,Not Available,False
,,,,,912.0,Large,6.0,2.0,3.0,55.12,,,Not Available,False
,,,,,912.0,Large,6.0,2.0,4.0,47.36,,,Not Available,False
,,,,,913.0,Large,24.0,1.0,1.0,62.33,,,Not Available,False
,,,,,913.0,Large,24.0,1.0,2.0,53.68,,,Not Available,False
,,,,,913.0,Large,24.0,1.0,3.0,62.37,,,Not Available,False
,,,,,913.0,Large,24.0,1.0,4.0,63.58,,,Not Available,False
,,,,,914.0,Large,9.0,2.0,1.0,44.7,,,Not Available,False
,,,,,914.0,Large,9.0,2.0,2.0,43.44,,,Not Available,False
,,,,,914.0,Large,9.0,2.0,3.0,52.36,,,Not Available,False
,,,,,914.0,Large,9.0,2.0,4.0,45.9,,,Not Available,False
,,,,,915.0,Large,3.0,1.0,1.0,53.51,,,Not Available,False
,,,,,915.0,Large,3.0,1.0,2.0,49.76,,,Not Available,False
,,,,,915.0,Large,3.0,1.0,3.0,68.31,,,Not Available,False
,,,,,915.0,Large,3.0,1.0,4.0,66.1,,,Not Available,False
,,,,,916.0,Large,7.0,2.0,1.0,43.61,,,Not Available,False
,,,,,916.0,Large,7.0,2.0,2.0,46.2,,,Not Available,False
,,,,,916.0,Large,7.0,2.0,3.0,51.52,,,Not Available,False
,,,,,916.0,Large,7.0,2.0,4.0,49.71,,,Not Available,False
,,,,,917.0,Large,14.0,3.0,1.0,53.5,,,Not Available,False
,,,,,917.0,Large,14.0,3.0,2.0,56.34,,,Not Available,False
,,,,,917.0,Large,14.0,3.0,3.0,51.83,,,Not Available,False
,,,,,917.0,Large,14.0,3.0,4.0,50.2,,,Not Available,False
,,,,,918.0,Large,6.0,1.0,1.0,49.62,,,Not Available,False
,,,,,918.0,Large,6.0,1.0,2.0,62.54,,,Not Available,False
,,,,,918.0,Large,6.0,1.0,3.0,50.11,,,Not Available,False
,,,,,918.0,Large,6.0,1.0,4.0,61.63,,,Not Available,False
,,,,,919.0,Large,2.0,1.0,1.0,59.87,,,Not Available,False
,,,,,919.0,Large,2.0,1.0,2.0,62.99,,,Not Available,False
,,,,,919.0,Large,2.0,1.0,3.0,57.2,,,Not Available,False
,,,,,919.0,Large,2.0,1.0,4.0,64.34,,,Not Available,False
,,,,,920.0,Large,14.0,2.0,1.0,50.2,,,Not Available,False
,,,,,920.0,Large,14.0,2.0,2.0,45.75,,,Not Available,False
,,,,,920.0,Large,14.0,2.0,3.0,44.29,,,Not Available,False
,,,,,920.0,Large,14.0,2.0,4.0,49.41,,,Not Available,False
